alert_number,alert_category,issue_date,issue_time,meteorological_event,regions_green_alert,regions_yellow_alert,regions_orange_alert,regions_red_alert,summary_of_conditions
01-2024,Green,2024-02-19,11:00,POSIBLES EFECTOS EMPUJE FRIO 18,"['Pacífico Norte', 'Zona Norte', 'Caribe', 'Valle Central', 'Pacífico Central (distritos de Cóbano, Lepanto y Paquera)']",,,,"El Empuje Frío N. 18 está afectando el territorio nacional con un aumento en las lluvias, ráfagas de viento que pueden superar los 100 km/h en sectores altos y una disminución de las temperaturas. Se prevé mar picado en el Caribe y Pacífico Norte, además de condiciones adversas que requieren precaución en navegación, tránsito y actividades en zonas montañosas."
002-24,Cancellation,2023-02-23,11:00,RETORNO A CONDICIONES MÁS ESTABLES,,,,,"La influencia del Empuje Frio N. 18 ha desaparecido, por lo que se esperan condiciones más estables para los próximos días. Se levantan los estados de alerta por lluvias, vientos y mar picado emitidos anteriormente."
004-2024,Yellow,2024-04-09,11:00,ACTIVIDAD LLUVIOSA PERSISTENTE EN EL CARIBE Y ZONA NORTE TROPICAL,,"['Caribe', 'Zona Norte']",,,"The constant influx of moisture from the Caribbean Sea and an unstable atmosphere have caused persistent rainfall in the Caribbean and Northern Zone. Soil saturation levels in basins like the Sucio, Estrella, and Puerto Viejo rivers have reached 80-95%, with further heavy rainfall projected for the coming days."
005-2024,Cancellation,2024-04-12,12:00,RETORNO A CONDICIONES MÁS ESTABLES.,,,,,"La influencia por condiciones adversas lluviosas ha desaparecido, esperándose condiciones más estables para los próximos días. Se prevé un aumento gradual de la presión atmosférica favoreciendo vientos alisios en el Valle Central, Pacífico Norte y cordilleras."
07-2024,Green,2024-05-10,10:00,AUMENTO DE INESTABILIDAD POR CERCANIA DE ZONA DE CONVERGENCIA INTERTROPICAL,"['Pacífico Norte', 'Pacífico Central', 'Pacífico Sur', 'Valle Central']",,,,"Factores locales como las brisas marinas y las altas temperaturas, aunadas a la actividad de la Zona de Convergencia Intertropical, favorecen condiciones atmosféricas inestables. Se esperan aguaceros fuertes con tormenta eléctrica en el Pacífico, Valle Central, Zona Norte y regiones del Caribe durante el resto del fin de semana."
08-2024,Green,2024-05-13,10:30,INESTABILIDAD POR CERCANIA DE ZONA DE CONVERGENCIA INTERTROPICAL,"['Huetar Caribe', 'Zona Norte', 'Pacífico Sur', 'Pacífico Central', 'Pacífico Norte', 'Valle Central']",,,,"La Zona de Convergencia Intertropical se mantiene próxima al país generando condiciones húmedas e inestables, con lluvias y aguaceros con tormenta. Se prevé que este patrón se mantenga al menos hasta el miércoles 15 de mayo, afectando principalmente las regiones del Caribe, Zona Norte, Valle Central y Pacífico."
09-2024,Green,2024-05-24,10:30,CONTINÚA LA INESTABILIDAD POR CERCANIA DE ZONA DE CONVERGENCIA INTERTROPICAL,"['Pacífico Sur', 'Pacífico Central', 'Valle Central']",,,,"Se mantiene un patrón de precipitación disperso con probabilidad de lluvias fuertes localizadas en el Pacífico, especialmente hacia el centro y sur. Existe riesgo de deslizamientos en pasos de montaña debido a la saturación de los suelos, con cuencas del Pacífico Sur y Central presentando niveles de saturación elevados."
10-2024,Green,2024-05-28,12:30,PASO DE ONDA TROPICAL N. 4,"['Caribe Norte', 'Zona Norte', 'Pacífico Central', 'Pacífico Sur', 'Pacífico Norte', 'Valle Central']",,,,"The axis of tropical wave #4 is approaching the country, causing instability and increased cloudiness. Rainfall is expected to intensify in the Caribbean and Northern zones, while the Pacific and Central Valley will experience localized showers and intermittent rain."
11-2024,Yellow,2024-06-04,10:30,ARRIBO DE ONDAS TROPICALES Y ALTA SATURACIÓN DEL SUELO.,"['Pacífico Norte', 'Zona Norte', 'Caribe']","['Pacífico Sur', 'Pacífico Central', 'Valle Central']",,,La Zona de Convergencia Intertropical mantiene condiciones húmedas e inestables con altos niveles de saturación de suelos en zonas montañosas y costeras. Se prevé el arribo de la Onda Tropical N°6 para el jueves y la Onda Tropical N°7 para inicios de la próxima semana.
12-2024,Yellow,2024-06-05,10:30,ALTA INESTABILIDAD ATMOSFERICA SOBRE EL PAÍS.,,"['Pacífico Norte', 'Zona Norte', 'Caribe', 'Pacífico Sur', 'Pacífico Central', 'Valle Central']",,,"La CNE reporta 22 incidentes por lluvias recientes en diversas zonas del país, sumado a un aumento en la humedad de suelos. Se prevé mayor inestabilidad atmosférica debido al próximo arribo de las Ondas Tropicales N. 6 y N. 7, además de marejadas de fondo en la costa del Pacífico."
13-2024,Orange,2024-06-11,10:30,SE MANTIENE ALTA INESTABILIDAD ATMOSFERICA SOBRE EL PAÍS.,,"['Zona Norte', 'Caribe']","['Pacífico Norte', 'Pacífico Central', 'Pacífico Sur', 'Valle Central']",,"La inestabilidad atmosférica y un alto contenido de humedad persisten en la región debido a la Zona de Convergencia Intertropical activa. Se prevén condiciones altamente inestables para el resto de la semana, con lluvias fuertes, aguaceros y alta saturación de suelos que favorecen inundaciones y deslizamientos."
014-24,Cancellation,2024-06-17,10:00,LA CONCLUSIÓN DE LA FASE EL NIÑO -FENOMENO ENOS-,,,,,"The El Niño phase has concluded, and the country is currently in a Neutral phase expected to last until the final quarter of 2024. While rainfall deficits persist in the Northern Zone and Caribbean, a recovery in precipitation is expected for the Pacific and Central Valley regions."
15-2024,Yellow,2024-06-17,11:00,MEJORÍA EN LAS CONDICONES DEL TIEMPO.,"['Zona Norte', 'Caribe']","['Pacífico Norte', 'Pacífico Central', 'Pacífico Sur', 'Valle Central']",,,Se prevé un patrón variable de las condiciones del tiempo con lluvias dispersas en el Pacífico y aguaceros aislados con tormenta en el Valle Central y zonas montañosas. Se mantienen valores altos de humedad del suelo en varias partes del país y se espera la llegada de la Onda Tropical #11 para el viernes 21 de junio.
16-2024,Orange,2024-06-24,13:00,AUMENTO DE LA INESTABILIDAD Y PASO DE ONDAS TROPICALES,['Caribe'],,"['Pacífico Norte', 'Pacífico Central', 'Pacífico Sur', 'Valle Central', 'Zona Norte']",,"Local factors like sea breezes and high humidity will favor variable rains in mountainous sectors of the Pacific and parts of the Central Valley. Additionally, the passage of tropical waves is expected in the coming days, while soil saturation remains high in several regions, limiting the capacity to absorb more rainfall."
17-2024,Yellow,2024-07-05,14:00,MEJORÍA EN LAS CONDICIONES DEL TIEMPO.,['Caribe'],"['Pacífico Norte', 'Pacífico Central', 'Pacífico Sur', 'Valle Central', 'Zona Norte']",,,"The influence of Hurricane Beryl is gradually decreasing, leading to a relative reduction in rainfall compared to previous days. However, isolated showers are expected, particularly in the afternoon along the mountainous axis, North Pacific, and Central Valley, with the arrival of tropical wave #17 expected by Saturday night."
018-2024,Cancellation,2024-07-08,13:30,RETORNO A CONDICIONES MÁS ESTABLES.,,,,,"The country is returning to more stable conditions, with typical rainy season afternoon precipitation expected through Wednesday. The IMN forecasts the passage of tropical wave #18 between Thursday and Friday, along with increased trade winds and a potential intrusion of Saharan dust by the end of the week."
19-2024,Yellow,2024-07-12,14:00,INESTABILIDAD ATMOSFERICA Y AUMENTO DE SATURACIÓN DE SUELOS.,"['Pacífico Sur', 'Pacífico Central', 'Pacífico Norte', 'Valle Central', 'Caribe Sur']","['Zona Norte', 'Caribe Norte']",,,"Condiciones atmosféricas inestables persisten debido a la Zona de Convergencia Intertropical y el arrastre de humedad desde el Caribe. Se prevén lluvias dispersas, aguaceros fuertes aislados en zonas montañosas y alta saturación de suelos, especialmente en la Zona Norte y Sarapiquí."
20-2024,Green,2024-07-16,14:00,MEJORÍA EN LAS CONDICIONES DEL TIEMPO,"['Zona Norte', 'Caribe']",,,,"Las condiciones sobre el mar Caribe son más estables y la Zona de Convergencia Intertropical se ubica sobre Panamá con poca actividad. Sin embargo, la saturación del suelo sigue siendo muy elevada en la Zona Norte y Caribe, lo que puede incidir en el efecto de las lluvias en los próximos días."
21-2024,Green,2024-07-18,13:00,LLUVIAS EN TODO EL PAÍS,['Todo el territorio nacional'],,,,"La Zona de Convergencia Intertropical se posiciona sobre Costa Rica, favoreciendo precipitaciones junto a factores locales. Se anticipan lluvias de variable intensidad y aguaceros fuertes con tormenta eléctrica, además del ingreso de la Onda Tropical N.°20 durante la madrugada del viernes."
22-2024,Cancellation,2024-07-31,12:00,DISMINUCIÓN DE LA ACTIVIDAD DEL VOLCÁN POÁS,,,,,"Se registra una estabilización y disminución de la actividad volcánica del Volcán Poás, incluyendo la actividad sísmica, acústica y los niveles de la laguna. Debido a esta mejora en las condiciones, se procede con el levantamiento de la Alerta Verde previamente establecida."
23-2024,Cancellation,2024-07-31,12:00,DISMINUCIÓN DE LA ACTIVIDAD DEL VOLCÁN RINCÓN DE LA VIEJA,,,,,"La actividad eruptiva del volcán Rincón de la Vieja se mantiene en niveles bajos de energía sísmica y desgasificación, sin reportar flujos de lahares o ceniza. Debido a esta estabilización, se procede a levantar el estado de Alerta Verde previamente establecido."
024-2024,Cancellation,2024-07-08,15:30,RETORNO A CONDICIONES MÁS ESTABLES.,,,,,"El país sale de la influencia de la Onda Tropical N 23, lo que genera mayor estabilidad atmosférica. Se espera un retorno al patrón típico de la época con mañanas calurosas y aguaceros aislados por las tardes, principalmente en el Pacífico."
25-2024,Green,2024-08-12,15:30,INESTABILIDAD POR CERCANÍA DE ZONA DE CONVERGENCIA INTERTROPICAL Y TRÁNSITO ONDA TROPICAL,"['Pacífico Sur', 'Pacífico Central', 'Pacífico Norte', 'Zona Norte', 'Valle Central']",,,,"The proximity of the Intertropical Convergence Zone and the passage of tropical wave #24 will increase atmospheric instability, causing rains along the Pacific coast, the Central Valley, and the Northern Zone. Soil saturation levels in the Central and South Pacific regions are above 95%, with high saturation also reported in parts of San Carlos and the General Valley."
26-2024,Cancellation,2024-08-14,15:00,MEJORÍA EN LAS CONDICIONES DEL TIEMPO,,,,,"Las condiciones atmosféricas sobre Costa Rica son más favorables, con lluvias acumuladas muy puntuales y de valores bajos en las últimas 24 horas. La Zona de Convergencia Intertropical se encuentra desorganizada y no se identifican eventos meteorológicos cercanos para los próximos días."
27-2024,Green,2024-09-12,11:00,INESTABILIDAD POR CERCANÍA DE ZONA DE CONVERGENCIA INTERTROPICAL Y TRÁNSITO ONDA TROPICAL N. 31,"['Pacífico Sur', 'Pacífico Central', 'Pacífico Norte', 'Zona Norte', 'Valle Central']",,,,"Se mantienen condiciones inestables sobre el territorio nacional debido al posicionamiento de la Zona de Convergencia Intertropical y la llegada de la onda tropical #31. Se proyecta un aumento de las lluvias a partir del periodo nocturno, con suelos que presentan alta saturación en sectores montañosos."
28-2024,Green,2024-09-18,13:30,CONDICIONES DE MAREA EXTRAORDINARIA PARA LOS PRÓXIMOS DÍAS,"['Pacífico Sur', 'Pacífico Central', 'Pacífico Norte']",,,,"Debido al efecto de la Luna Llena y el Equinoccio de Otoño, se presentarán las mareas más altas del año tanto en el Pacífico como el Caribe de Costa Rica. Se sugiere vigilancia en las costas, sobre todo del Pacífico, por la posibilidad de inundaciones costeras en aquellos sitios más vulnerables."
29-2024,Yellow,2024-09-20,12:00,AUMENTO DE LAS LLUVIAS POR INFLUENCIA DEL GIRO CENTROAMERICANO (GCA),['Caribe'],"['Pacífico Sur', 'Pacífico Central', 'Pacífico Norte', 'Zona Norte', 'Valle Central']",,,"La formación de un Giro Centroamericano (GCA) favorece una mayor inestabilidad atmosférica, resultando en tormentas y lluvias con alto contenido de humedad. Se esperan episodios de lluvias y aguaceros dispersos con posible tormenta, extendiéndose la influencia del sistema durante el fin de semana."
030-2024,Cancellation,2024-09-24,10:00,CONDICIONES DE MAREA ORDINARIAS,,,,,"According to the Oceanographic Information Module (MIO - CIMAR, UCR), the country has returned to the typical tide pattern. Consequently, the alert for extraordinary tides (alert no. 28) issued on September 18th is lifted."
31-2024,Green,2024-09-28,10:00,CONDICIONES DE OLEAJE ALTO PARA LOS PRÓXIMOS DÍAS,"['Pacífico Sur', 'Pacífico Central', 'Pacífico Norte']",,,,"Se pronostica oleaje alto para el fin de semana y el lunes próximo, con los máximos esperados entre la noche del 29 y la madrugada del 30 de septiembre. Se recomienda precaución a la navegación marítima y a los visitantes de las costas del Pacífico por el oleaje y corrientes de resaca."
032-2024,Cancellation,2024-10-02,09:00,CONDICIONES DE ALEAJE ORDINARIOS.,,,,,"De acuerdo con IMARES de la UCR, se retorna a un patrón típico del comportamiento de oleaje en las costas del Pacífico. Ante ello, se levanta el estado de alerta por mareas extraordinarias previamente establecido."
033-2024,Cancellation,2024-10-04,14:00,MEJORÍA EN LAS CONDICIONES DEL TIEMPO.,,,,,"The National Meteorological Institute reports a period of less intense rainfall compared to previous days. The Intertropical Convergence Zone is disorganized and the atmosphere has lower moisture content, with no external meteorological events expected to modulate rainfall beyond the ordinary pattern."
34-2024,Green,2024-10-08,14:00,AUMENTO DE LAS LLUVIAS,['Todo el país'],,,,"Local factors such as warm morning temperatures and sea breezes, combined with the proximity of the Intertropical Convergence Zone, are generating cloud development, heavy rains, and thunderstorms. An increase in rainfall is expected throughout the week due to local factors and the upcoming passage of Tropical Wave No. 39."
35-2024,Yellow,2024-10-11,12:00,AUMENTO DE LAS LLUVIAS PARA LOS PRÓXIMOS DÍAS,['Caribe Sur'],"['Pacífico Sur', 'Pacífico Central', 'Pacífico Norte', 'Zona Norte', 'Valle Central', 'Caribe Norte']",,,"Se espera un aumento de las lluvias debido a la actividad de la Zona de Convergencia Intertropical y el tránsito de la Onda Tropical N° 39. La saturación de los suelos es alta en varias regiones y se prevén condiciones muy lluviosas durante el fin de semana, especialmente en la vertiente del Pacífico."
36-2024,Green,2024-10-18,15:00,CONDICIONES DE MAREA EXTRAORDINARIA PARA LOS PRÓXIMOS DÍAS,"['Pacífico Sur', 'Pacífico Central', 'Pacífico Norte']",,,,"Debido al efecto de la Luna Llena y el Equinoccio de Otoño, se presentarán mareas altas extraordinarias en la costa del Pacífico, superando los 3 metros. Se espera marejada de fondo para el fin de semana y se sugiere vigilancia en zonas costeras vulnerables ante posibles inundaciones."
37-2024,Cancellation,2024-10-22,12:00,NORMALIZACIÓN DE LAS CONDICIONES DE LAS MAREAS,,,,,"According to the Oceanographic Information Module, extraordinary tides have dropped below 3 meters as of October 22, 2024. Consequently, the alert state for extraordinary tides is lifted."
038-2024,Cancellation,2024-10-23,14:30,RETORNO A CONDICIONES TÍPICAS DE LA EPOCA.,,,,,El país experimenta un periodo de actividad lluviosa menos intensa en comparación con días previos. La Zona de Convergencia Intertropical muestra poca actividad y no se visualizan eventos meteorológicos externos que modulen el comportamiento de las lluvias fuera del patrón ordinario.
39-2024,Green,2024-10-25,11:30,AUMENTO DE LAS LLUVIAS,['Todo el país'],,,,"El viento alisio acelerado y el tránsito de dos Ondas Tropicales, junto con la interacción de la Zona de Convergencia Intertropical, provocarán un aumento de las lluvias en todo el país durante el fin de semana y los primeros días de la próxima semana. Se espera que la Onda Tropical #42 ingrese al territorio nacional en la madrugada del sábado 26 de octubre."
40-2024,Yellow,2024-11-01,11:30,AUMENTO DE LAS LLUVIAS PARA LOS PRÓXIMOS DÍAS,['Caribe Sur'],"['Pacífico Sur', 'Pacífico Central', 'Pacífico Norte', 'Zona Norte', 'Valle Central', 'Caribe Norte']",,,"La Zona de Convergencia Intertropical activa y bajas presiones locales favorecen la acumulación de humedad e inestabilidad. Se prevén condiciones muy lluviosas durante el fin de semana y principios de la siguiente, especialmente en el Pacífico Sur y Central, con suelos que presentan niveles de saturación cercanos al 100% en varias regiones."
41-2024,Orange,2024-11-03,11:00,INFLUENCIA INDIRECTA DE BAJA PRESIÓN EN EL CARIBE,,"['Caribe Sur', 'Pacífico Central', 'Pacífico Norte', 'Zona Norte', 'Valle Central', 'Caribe Norte']",['Pacífico Sur'],,"La influencia indirecta de un sistema de baja presión en el Caribe y la interacción con la Zona de Convergencia Intertropical favorecen lluvias intensas, especialmente en periodos vespertinos y nocturnos. Se mantiene una alta saturación de suelos en el Pacífico Sur, Caribe Sur, Zona Norte y Valle Central, incrementando la vulnerabilidad ante posibles inundaciones y deslizamientos."
42-2024,Orange,2024-11-07,14:00,CONTINÚA EL PATRÓN ATMOSFERICO INESTABLE SOBRE EL PAÍS,,"['Caribe', 'Zona Norte']","['Pacífico Central', 'Pacífico Norte', 'Valle Central', 'Pacífico Sur']",,"Se proyecta un incremento fuerte de las lluvias sobre la mayor parte del territorio debido a la Zona de Convergencia Intertropical y la Onda Tropical N. 45. Las lluvias de los últimos días han generado una alta saturación en los suelos, especialmente en las penínsulas de Osa y Nicoya, Pacífico Norte, Pacífico Sur, Zona Norte, Pacífico Central y Valle Central."
43-2024,Orange,2024-11-09,15:00,SE MANTIENE EL PATRÓN ALTAMENTE INESTABLE SOBRE EL PAÍS,,['Caribe Sur'],"['Zona Norte', 'Caribe Norte', 'Pacífico Sur', 'Pacífico Central', 'Pacífico Norte', 'Valle Central']",,"Factores como la inestabilidad tras el paso de la Onda Tropical #45, la Zona de Convergencia Intertropical y una vaguada en niveles altos están generando un escenario altamente lluvioso. Existe una alta saturación de suelos en gran parte del país, lo que incrementa la vulnerabilidad a inundaciones y deslizamientos."
44-2024,Red,2024-11-12,14:00,SE MANTIENE PARA LOS PRÓXIMOS DÍAS EL PATRÓN ALTAMENTE INESTABLE SOBRE EL PAÍS,,['Caribe Sur'],"['Valle Central', 'Zona Norte', 'Caribe Norte']","['Pacífico Sur', 'Pacífico Central', 'Pacífico Norte']","El patrón lluvioso persistirá durante la semana debido a la inestabilidad atmosférica y el seguimiento de la onda tropical #46 con potencial ciclónico. Existe una alta saturación de suelos en gran parte del país, lo que genera vulnerabilidad ante inundaciones y deslizamientos, especialmente en la vertiente del Pacífico."
45-2024,Orange,2024-11-18,10:30,DISMINUCIÓN DE LAS LLUVIAS,['Caribe Sur'],"['Valle Central', 'Zona Norte', 'Caribe Norte']","['Pacífico Sur', 'Pacífico Central', 'Pacífico Norte']",,"The tropical depression Sara is weakening as it moves toward the Gulf of Mexico, leading to a general decrease in rainfall across the country. While soil saturation is decreasing, some areas in the Northern Mountainous Zone, Guanacaste, Southern Zone, and Central Valley remain significantly saturated with levels between 80% and 95%."
46-2024,Yellow,2024-11-19,11:30,NORMALIZACIÓN DE LA ÉPOCA LLUVIOSA,"['Zona Norte', 'Caribe Norte']","['Pacífico Sur', 'Pacífico Central', 'Pacífico Norte']",,,"Local factors like daytime heating and moderate to high humidity are currently dominating weather conditions, with low atmospheric instability. However, high soil saturation levels between 80% and 95% persist in several regions, maintaining vulnerability to potential flooding and landslides."
047-2024,Cancellation,2024-11-22,12:30,RETORNO A CONDICIONES TÍPICAS DE LA ÉPOCA.,,,,,"El país ha ingresado en un periodo con actividad lluviosa menos intensa, aunque no se descartan lluvias aisladas. Se levanta el estado de alerta previo debido al retorno a condiciones típicas de la época."
48-2024,Green,2024-11-22,14:30,POSIBLES EFECTOS EMPUJE FRÍO N. 02,"['Pacífico Norte', 'Zona Norte', 'Caribe', 'Valle Central']",,,,"El desplazamiento del empuje frío #2 sobre Centroamérica y el Mar Caribe generará un aumento en la velocidad de los vientos y mayor incursión de humedad. Se esperan vientos moderados a fuertes, lluvias localizadas en el Caribe y Zona Norte, y una disminución en las temperaturas de entre 2 °C y 4 °C."
49-2024,Green,2024-11-29,14:00,POSIBLES EFECTOS EMPUJE FRÍO N. 03 Y CERCANÍA DE ZONA DE CONVERGENCIA INTERTROPICAL.,['Todo el país'],,,,"La humedad alta y la interacción entre los vientos alisios y la Zona de Convergencia Intertropical generan inestabilidad y precipitaciones en ambas vertientes. Se proyecta la influencia del Empuje Frío #3 a partir del sábado 30 de noviembre, con lluvias significativas esperadas especialmente en el Caribe y la Zona Norte."
50-2024,Yellow,2024-12-02,15:00,EFECTOS EMPUJE FRÍO NÚMERO 03,"['Pacifico Sur', 'Pacífico Central', 'Pacífico Norte', 'Región Central', 'Caribe Sur']","['Zona Norte', 'Caribe Norte']",,,"El empuje frío #3 genera nubosidad y lluvias intermitentes en el norte del país, con una proyección de incremento en la intensidad de los vientos entre 30 y 90 km/h. Se estima que la influencia del fenómeno se extienda hasta el miércoles, aumentando las lluvias en el Caribe y la Zona Norte."
051-2024,Cancellation,2024-12-10,14:00,RETORNO A CONDICIONES TÍPICAS DE LA ÉPOCA.,,,,,"El país ha retornado a condiciones típicas de la época sin influencia de frentes fríos, aunque se mantiene un patrón de lluvias en el Caribe y Zona Norte. Se ha levantado la alerta previa debido a una disminución en la intensidad de la actividad lluviosa, a la espera de un nuevo empuje frío para finales del miércoles 11."
52-2024,Green,2024-12-11,15:00,POSIBLES EFECTOS EMPUJE FRÍO N. 05,"['Pacífico Norte', 'Zona Norte', 'Caribe', 'Valle Central']",,,,"El empuje frío #5 genera un aumento en la presión atmosférica y una intensificación de los vientos en el país, con ráfagas estimadas entre 30-100 km/h. Se espera nubosidad y lluvias en la provincia de Limón y la Zona Norte, con efectos que podrían extenderse hasta el viernes 13 de diciembre."
053-2024,Cancellation,2024-12-16,11:00,RETORNO A CONDICIONES TÍPICAS DE LA ÉPOCA.,,,,,"El país presenta un patrón mayormente estable con pocas precipitaciones y vientos alisios de intensidad moderada. Se levanta el estado de alerta previo debido a la disminución de la humedad del suelo y la transición hacia condiciones típicas de la época, aunque se anticipa un cambio hacia finales de la semana por el Empuje Frío #6."
54-2024,Green,2024-12-19,10:30,POSIBLES EFECTOS EMPUJE FRÍO N. 06,"['Pacífico Norte', 'Zona Norte', 'Caribe', 'Valle Central']",,,,"El empuje frío #6 provocará un aumento en la intensidad de los vientos alisios y precipitaciones en el Caribe y la Zona Norte. Se esperan ráfagas fuertes en el Pacífico Norte, Valle Central y zonas montañosas, además de un descenso en las temperaturas diurnas durante el fin de semana."
55-2024,Yellow,2024-12-20,15:00,EFECTOS EMPUJE FRÍO N. 06,"['Pacífico Norte', 'Región Central (salvo cantones de Oreamuno, Paraíso, Alvarado, Jiménez, Turrialba)']","['Zona Norte', 'Caribe', 'Región Central Este (Oreamuno, Paraíso, Alvarado, Jiménez, Turrialba)']",,,"El empuje frío #6 provoca nubosidad, lluvias variables y vientos alisios acelerados con ráfagas ocasionales en diversas regiones del país. La saturación de los suelos supera el 90% en la Zona Norte y el Caribe, con montos de lluvia estimados entre 40 y 100 mm."
56-2024,Green,2024-12-27,14:00,INESTABILIDAD ATMÓSFERICA,"['Pacífico Norte', 'Pacífico Central', 'Pacífico Sur', 'Zona Norte', 'Caribe', 'Valle Central']",,,,"La combinación de una disminución en los vientos alisios, la presencia de la Zona de Convergencia Intertropical y un alto contenido de humedad está generando lluvias atípicas en el Pacífico y precipitaciones propias de la época en la Zona Norte y Caribe. Se espera que estas condiciones se mantengan e incrementen hacia finales de diciembre debido a ondas MJO y una Onda Kelvin, persistiendo el riesgo de inundaciones y deslizamientos."
001-2025,Cancellation,2025-01-10,11:00,RETORNO A CONDICIONES TÍPICAS DE LA ÉPOCA.,,,,,"A partir del 10 de enero, el arribo de una masa de aire más seco favorecerá condiciones más estables en todo el territorio nacional con una disminución de las precipitaciones. Se espera que persista un patrón mayormente estable, aunque a partir del 15 de enero podría haber un nuevo aumento de lluvias en el Caribe y la Zona Norte."
02-2025,Green,2025-01-23,10:00,EFECTOS EMPUJE FRÍO N. 09,['Todo el territorio nacional'],,,,"El empuje frío #9 está generando vientos alisios acelerados con ráfagas fuertes en el Valle Central, Pacífico Norte y cordilleras, además de lluvias en el Caribe y Zona Norte. Se prevé que estas condiciones de vientos fuertes, oleaje y lluvias se mantengan al menos hasta el fin de semana."
003-2025,Cancellation,2025-01-28,11:00,RETORNO A CONDICIONES PROPIAS DE LA ÉPOCA.,,,,,"Desde el lunes 27 de enero del año 2025, el país se encuentra fuera de la influencia del empuje frio número 9. Se mantienen vientos alisios acelerados el resto de la semana y se levanta el estado de alerta anterior."
004-2025,Green,2025-03-04,08:30,Aumento en la actividad del Volcán Poás,['Parque Nacional Volcán Poás'],,,,"El Comité Asesor Técnico ha reportado un incremento en la actividad del volcán Poás, manifestándose con erupciones y exhalaciones de gas frecuentes. La disminución del nivel del lago y la actividad freática aumentan la probabilidad de impacto por gases y ceniza en la zona de visitación pública del Parque Nacional."
005-2025,Green,2025-03-25,15:00,Incremento de la actividad del Volcán Poás,"['Alajuela', 'Poás', 'Grecia', 'Sarchí', 'Naranjo', 'Río Cuarto', 'Zarcero', 'Parque Nacional Volcán Poás']",,,,"El volcán Poás presenta un incremento en su actividad eruptiva, caracterizado por la salida abundante de gases, explosiones pequeñas y medianas, y emisión de cenizas. Se reporta inestabilidad en el sistema volcánico, incluyendo aumento de tremor, deformación de la corteza y mayores concentraciones de SO2."
006-2025,Yellow,2025-03-26,13:30,Erupciones frecuentes en el volcán Poás,"['Alajuela', 'Poás', 'Grecia', 'Sarchí', 'Naranjo', 'Río Cuarto', 'Zarcero']",['Parque Nacional Volcán Poás'],,,"El volcán Poás presenta un incremento en su actividad eruptiva con columnas de gases y ceniza, además de lanzamiento de rocas y una señal sísmica muy fuerte. Se ha observado un cambio en la composición de los gases que sugiere una mayor toxicidad, comprometiendo la seguridad en el Parque Nacional y afectando comunidades aledañas con olores fuertes y caída de ceniza."
007-2025,Orange,2025-03-31,14:30,Aumento de la actividad en el volcán Poás,"['Alajuela', 'Poás', 'Grecia', 'Sarchí (salvo el Distrito Toro Amarillo)', 'Naranjo', 'Río Cuarto', 'Zarcero']",,"['Parque Nacional Volcán Poás', 'Distrito Toro Amarillo del Cantón de Sarchí']",,"El volcán Poás presenta un incremento en su actividad con emisión constante de ceniza, gases y erupciones energéticas. Existe un alto potencial explosivo y acumulación de ceniza que, junto a posibles lluvias, genera condiciones favorables para el descenso de lahares en las cuencas de los ríos Desagüe y Agrio."
008-2025,"Red, Orange, and Yellow",2025-04-23,16:00,Aumento de la actividad del volcán Poás,,"['Alajuela', 'Poás', 'Naranjo', 'Río Cuarto', 'Zarcero']","['Grecia', 'Sarchí']",['Parque Nacional Volcán Poás'],"El volcán Poás presenta un incremento en su actividad eruptiva desde marzo de 2025, con emisiones constantes de gases, ceniza y actividad sísmica. Esta situación compromete la seguridad en el Parque Nacional y las comunidades aledañas, con riesgo de lahares en cuencas cercanas y afectación por caída de ceniza y olores a azufre."
09-2025,Green,2025-05-13,11:30,ONDATROPICAL N. 1 Y ZONA DE CONVERGENCIA INTERTROPICAL,['Todo el territorio nacional'],,,,"La Onda Tropical N. 1 ingresó al país generando precipitaciones en el Caribe, Zona Norte y Valle Central, mientras la Zona de Convergencia Intertropical aporta humedad. Se esperan aguaceros y condiciones inestables en gran parte del territorio nacional durante la semana."
010-2025,Cancellation,2025-05-23,14:30,RETORNO A CONDICIONES PROPIAS DE LA ÉPOCA.,,,,,"El país se encuentra fuera de la influencia de eventos externos que potencien lluvias mayores. Aunque la humedad en los suelos ha disminuido, se mantiene la presencia de la Zona de Convergencia Intertropical, lo que favorece lluvias aisladas propias de la época lluviosa."
011-2025,Green,2025-05-27,14:30,ONDATROPICAL N. 3 Y ZONA DE CONVERGENCIA INTERTROPICAL,"['Pacífico Sur', 'Pacífico Central', 'Pacífico Norte', 'Valle Central', 'Zona Norte', 'Caribe Norte']",,,,"The arrival of Tropical Wave No. 3, combined with the proximity of the Intertropical Convergence Zone, is expected to increase rainfall across the country starting May 28. Soil saturation in several regions, including the Pacific and Northern Zone, has reduced the capacity of rivers, prompting the issuance of a Green Alert."
012-2025,Yellow,2025-06-01,13:00,INESTABILIDAD POR TRÁNSITO ONDA TROPICAL N. 4,['Caribe Sur'],"['Pacífico Sur', 'Pacífico Central', 'Pacífico Norte', 'Valle Central', 'Zona Norte', 'Caribe Norte']",,,"La onda tropical #4 y la Zona de Convergencia Intertropical están generando elevados aportes de humedad, lo que refuerza las precipitaciones en el país. Se prevén aguaceros fuertes con tormenta, especialmente en el Pacífico, Zona Norte y montañas del Caribe Norte, con suelos altamente saturados en varias regiones."
013-2025,Orange,2025-06-02,14:00,Estabilidad en la actividad del volcán Poás,"['Zarcero', 'Naranjo', 'Poás', 'Sabanilla (Alajuela)', 'Sarapiquí (Alajuela)', 'Río Cuarto']","['Sarchí (salvo Distrito Toro Amarillo)', 'Grecia']","['Parque Nacional Volcán Poás', 'Distrito Toro Amarillo del Cantón de Sarchí']",,"El volcán Poás presenta una fase de actividad más estable, caracterizada por tremor estable, ausencia de erupciones de ceniza y desgasificación intensa. Sin embargo, persiste el riesgo de lahares o flujos densos de ceniza en las cuencas de los ríos Desagüe, Anonos, Gorrión y Agrio ante lluvias fuertes, lo que compromete la seguridad en el Parque Nacional y zonas aledañas."
014-2025,Yellow,2025-06-09,11:00,INESTABILIDAD ATMOSFERICA,,"['Pacífico Sur', 'Pacífico Central', 'Pacífico Norte', 'Valle Central', 'Zona Norte', 'Caribe Norte', 'Caribe Sur']",,,"Se esperan precipitaciones extremas durante la semana, con posibilidad de condiciones de temporal entre miércoles y sábado en el Pacífico debido a un sistema de baja presión. La onda tropical #5 reforzará la inestabilidad el viernes, aumentando el riesgo de lluvias y aguaceros de fuerte intensidad, especialmente en Guanacaste, el Golfo de Nicoya y el norte del Pacífico Central."
015-2025,Orange,2025-06-13,11:00,INESTABILDAD ATMOSFÉRICA POR VARIOS EVENTOS,,"['Valle Central', 'Caribe Norte', 'Caribe Sur']","['Pacífico Sur', 'Pacífico Central', 'Zona de los Santos', 'Pacífico Norte', 'Zona Norte']",,"El país presenta condiciones atmosféricas inestables debido al ingreso de la Onda Tropical #5 y un sistema de baja presión de la ZCIT frente a Guanacaste. Se esperan lluvias variables, aguaceros con tormenta y alta saturación de suelos en regiones críticas, lo que aumenta el riesgo de incidentes."
016-2025,Yellow,2025-06-19,15:00,Disminución en los parámetros de actividad en el volcán Poás,,"['Parque Nacional Volcán Poás', 'Distrito Toro Amarillo del Cantón de Sarchí']",,,"El volcán Poás ha mostrado una fase más estable con tendencia a disminuir su actividad, evidenciada por la ausencia de eventos eruptivos importantes, menor sismicidad y una reducción en la emisión de ceniza y gases. A pesar de esta mejora, se mantiene la posibilidad de erupciones freáticas imprevisibles y caída de rocas o cenizas en las cercanías del cráter."
017-2025,Green,2025-06-18,16:00,CONDICIONES PROPIAS DE ÉPOCA LLUVIOSA,['Todo el territorio nacional'],,,,El país se mantiene bajo condiciones propias de la época lluviosa con eventos regionales y locales. Se prevé un aumento de lluvias hacia finales de la semana y el fin de semana debido al arribo de eventos disparadores de inestabilidad atmosférica.
018-2025,Orange,2025-06-23,12:00,INESTABILIDAD ATMOSFÉRICA,,"['Valle Central', 'Caribe Sur', 'Pacífico Central', 'Pacífico Sur']","['Pacífico Norte', 'Zona Norte', 'Caribe Norte', 'Distritos de Lepanto, Paquera y Cóbano del cantón de Puntarenas']",,"La Zona de Convergencia Intertropical se encuentra robusta y bien organizada, generando condiciones inestables con lluvias significativas. Se espera la llegada de nuevas ondas tropicales durante la semana, lo que, sumado a la alta saturación de suelos, aumenta la vulnerabilidad ante incidentes."
019-2025,Green,2025-07-02,08:30,Disminución en los parámetros de actividad en el volcán Poás,"['Parque Nacional Volcán Poás', 'Distrito Toro Amarillo del Cantón de Sarchí']",,,,"El volcán Poás presenta una fase más estable con una clara tendencia a disminuir su intensidad, con tremor sísmico y acústico de fondo estable. Aunque los depósitos de ceniza han disminuido, se mantiene la vigilancia ante la posible interacción de agua con la boca del volcán que podría generar erupciones freáticas."
020-2025,Green,2025-07-03,11:00,RETORNO A CONDICIONES PROPIAS DE LA ÉPOCA.,['Todo el territorio nacional'],,,,"El país se encuentra fuera de la influencia de la onda tropical n. 12 y no se prevé el arribo de más ondas hasta el fin de semana. Las lluvias irán disminuyendo en distribución y montos acumulados, dando paso a eventos más puntuales y localizados sobre el Pacífico y el Valle Central."
021-2025,Cancellation,2025-07-15,12:30,RETORNO A CONDICIONES MÁS ESTABLES,,,,,El país se encuentra fuera de la influencia de Ondas Tropicales y otros eventos externos. Se observa una disminución general en la humedad de los suelos y se levanta el estado de alerta previo por lluvias.
022-2025,Green,2025-07-18,15:00,PASO DE ONDAS TROPICALES,['Todo el territorio nacional'],,,,"El ingreso de la onda tropical n.º 16 ha generado lluvias desde la madrugada en el Caribe y la Zona Norte, con previsiones de que las precipitaciones se extiendan al Valle Central y el Pacífico. Se espera inestabilidad durante el fin de semana debido al paso de la Onda Tropical n.º 17, sumado a una alta saturación de suelos que aumenta el riesgo de inundaciones."
023-2025,Yellow,2025-07-22,11:00,AUMENTO DE LA INESTABILIDAD ATMOSFÉRICA.,['Resto del país'],"['Zona Norte', 'Caribe']",,,"El fortalecimiento de los vientos alisios y el acercamiento de la Zona de Convergencia Intertropical han incrementado la humedad, generando lluvias de variable intensidad en la Zona Norte y el Caribe. Se prevé que las lluvias continúen con aguaceros puntuales y tormentas eléctricas aisladas en el Pacífico, mientras los suelos presentan altos niveles de saturación en las regiones bajo alerta."
24-2025,Cancellation,2025-07-23,10:00,DISMINUCIÓN DE LA ACTIVIDAD DEL VOLCÁN POÁS,,,,,"The volcanic activity of the Poás Volcano has shown stabilization and a decrease in seismic and acoustic parameters since May 19. Consequently, the previously established Green Alert is lifted, though authorities will continue to monitor for any sudden changes."
025-2025,Yellow,2025-07-30,06:00,Corrientes fuertes en la costa Pacífica por efecto del terremoto de 8.8 en Rusia.,,"['Pacífico Norte', 'Pacífico Central', 'Pacífico Sur', 'Isla del Coco']",,,"Se pronostican corrientes fuertes en la costa Pacífica debido a un terremoto en Rusia, lo cual puede generar remolinos y corrientes de resaca peligrosas para bañistas y embarcaciones. Se recomienda suspender actividades acuáticas y alejarse de la costa, esteros y ríos ante posibles desbordamientos leves."
026-2025,Cancellation,2025-07-30,18:30,Aviso de ausencia de amenaza por tsunami.,,,,,"El Sistema Nacional de Monitoreo de Tsunamis (SINAMOT) ha confirmado que la amenaza de tsunami para la costa Pacífica ha finalizado. Se recomienda precaución en marinas, puertos y desembocaduras de ríos debido a la posible persistencia de corrientes peligrosas."
027-2025,Green,2025-07-31,12:00,CONDICIONES CLIMÁTICAS PROPIAS DE LA EPÓCA.,['Todo el territorio nacional'],,,,"Se esperan lluvias en el Caribe y Zona Norte, extendiéndose hacia el Pacífico por la tarde. La saturación de los suelos se mantiene alta en la Zona Norte, Península de Osa y algunas cuencas del Caribe y Zona Sur."
028-2025,Cancellation,2025-08-07,11:00,RETORNO A CONDICIONES ATMOFÉRICAS MÁS ESTABLES,,,,,"Se espera una disminución de las lluvias en gran parte del país debido a la llegada de aire seco con polvo del Sahara y el fortalecimiento del viento alisio. Se prevén vientos moderados a fuertes en el Valle Central, el norte de Guanacaste y las cordilleras entre jueves y domingo."
029-2025,Green,2025-08-22,11:30,AUMENTO DE LAS LLUVIAS,['Todo el territorio nacional'],,,,"La Zona de Convergencia Intertropical y una vaguada en niveles altos están generando condiciones propicias para aguaceros y tormentas eléctricas. Se prevé un aumento paulatino de las lluvias en gran parte del país entre el 22 y el 25 de agosto, siendo más intensas en el Pacífico Central y Sur, Valle Central, montañas del Caribe y Zona Norte."
031-2025,Green,2025-09-02,12:30,PRESENCIA DE LLUVIAS,['Todo el territorio nacional'],,,,"Se mantienen condiciones húmedas sobre el territorio nacional con probabilidad de lluvias en ambas vertientes. La Zona de Convergencia Intertropical y vientos alisios moderados propician un ambiente inestable con precipitaciones fuertes en el Pacífico, Zona Norte, Valle Central y sector montañoso del Caribe."
032-2025,Yellow,2025-09-14,12:00,AUMENTO EN LA INESTABILIDAD ATMOSFÉRICA,,['Todo el territorio nacional'],,,"Se mantienen condiciones atmosféricas favorables para el desarrollo de aguaceros fuertes y tormenta eléctrica debido a la Zona de Convergencia Intertropical y una vaguada en niveles altos. Se anticipa actividad lluviosa significativa durante la tarde y noche, con mayor énfasis en la Zona Norte, Valle Central, montañas del Caribe y el Pacífico."
033-2025,Orange,2025-10-05,11:30,"Inestabilidad atmosférica, alta saturación en los suelos y paso de Onda Tropical N° 35",,['Caribe'],"['Pacífico Norte', 'Pacífico Central', 'Pacífico Sur', 'Central', 'Zona Norte']",,"El aporte de humedad constante, la inestabilidad atmosférica y el paso de la Onda Tropical N° 35 generan condiciones propicias para aguaceros y tormentas. Se reportan niveles elevados de saturación de suelos en gran parte del país, con lluvias de variable intensidad que se extenderán durante el día y la noche."
034-2025,Yellow,2025-10-13,15:00,Retorno a condiciones propias de época.,"['Caribe', 'Zona Norte']","['Pacífico Norte', 'Pacífico Central', 'Pacífico Sur', 'Central']",,,"La semana se proyecta con elevados valores de humedad e inestabilidad, provocando lluvias recurrentes por las tardes y noches. La posición de la Zona de Convergencia Intertropical y el flujo húmedo del Pacífico favorecen precipitaciones fuertes y niveles de saturación elevados, lo que aumenta el riesgo de deslizamientos e inundaciones."
035-2025,Yellow,2025-10-15,11:30,Condiciones propias de la época.,"['Central', 'Zona Norte']","['Pacífico Norte', 'Pacífico Central', 'Pacífico Sur']",,,"El país permanece bajo un patrón atmosférico húmedo e inestable debido a la Zona de Convergencia Intertropical, favoreciendo precipitaciones constantes. Se mantienen elevados niveles de saturación en el Pacífico, incrementando el riesgo de deslizamientos e inundaciones, mientras que la región Central y el Caribe presentan menor saturación de suelos."
036-2025,Orange,2025-10-25,16:30,Efectos indirectos del Huracán Melissa,['Región Caribe'],"['Zona Norte', 'Región Central']","['Pacífico Norte', 'Pacífico Central', 'Pacífico Sur']",,"Los efectos indirectos del Huracán Melissa han provocado fuertes lluvias y acumulados significativos en el Pacífico Sur, con alta saturación de suelos en varias regiones. Se espera que la influencia del huracán y la Zona de Convergencia Intertropical continúen generando aguaceros, tormentas y nubosidad variable en gran parte del país durante los próximos días."
037-2025,Yellow,2025-10-31,11:30,Efectos Empuje Frio N° 1,,['Todo el país'],,,"El desplazamiento del empuje frío #1 genera un aumento en la velocidad de los vientos y mayor incursión de humedad desde el Caribe. Se esperan vientos moderados, ráfagas fuertes y lluvias en diversas regiones, con suelos saturados en la Zona Norte, Caribe y sectores del Pacífico."
038-2025,Cancellation,2025-11-07,14:00,RETORNO A CONDICIONES ATMOFÉRICAS MÁS ESTABLES.,,,,,"La Onda Tropical N. 43 ha salido del territorio nacional y no se prevén eventos externos para el resto de la semana. Aunque el viento alisio continúa, la disminución de la humedad atmosférica favorecerá una reducción general de las precipitaciones, permitiendo el levantamiento de las alertas previas."
039-2025,Yellow,2025-11-10,14:30,Efectos Empuje Frío N. 3 y Onda Tropical N. 44.,"['Región Central', 'Pacífico Norte']","['Caribe', 'Zona Norte']",,,"The arrival of cold front #3 and tropical wave #44 is expected to cause an increase in rainfall, strong winds, and a drop in temperatures across the country. Significant precipitation is projected for the Caribbean and Northern Zone, while the Central Valley and mountainous areas will experience cooler conditions and occasional showers."
040-2025,Yellow,2025-11-11,14:00,Efectos Empuje Frio N. 3 y Onda Tropical N. 44,"['Región Central', 'Pacífico Norte', 'Pacífico Sur']","['Caribe', 'Zona Norte', 'Sarapiquí']",,,"The interaction between Cold Surge #3 and Tropical Wave #44 is causing heavy rainfall, strong winds, and high waves across the country. Conditions are expected to intensify, particularly in the Caribbean and Northern Zone, with significant soil saturation and reduced temperatures."
041-2025,Green,2025-11-14,15:30,CONTINUIDAD DE LA INESTABILIDAD EN LA ATMOSFERA,['Todo el territorio nacional'],,,,"La influencia de la onda tropical #44 y el Empuje Frío #3 ha disminuido, pero se mantiene humedad que favorece lluvias vespertinas y nocturnas. Aunque la saturación del suelo tiende a bajar, persisten valores altos en el Pacífico Sur, Caribe Norte, Región Norte, Península de Nicoya y sectores del Valle Central."
042-2025,Cancellation,2025-11-19,09:30,RETORNO A CONDICIONES ATMOFÉRICAS ESTABLES.,,,,,"Se consolidan condiciones atmosféricas estables y con baja humedad en América Central debido a la predominancia de aire seco. Se espera un aumento moderado del viento alisio en el centro y norte del país, mientras que las lluvias serán dispersas y puntuales en regiones específicas."
043-2025,Yellow,2025-11-27,15:00,Condiciones lluviosas y ventosas por influencia de empuje frío N° 4.,"['Valle Central', 'Pacífico Norte']","['Zona Norte', 'Caribe']",,,"La influencia del empuje frío #4 mantendrá vientos alisios acelerados y un constante aporte de humedad hacia el territorio nacional. Se esperan lluvias de intensidad variable en la Zona Norte y Caribe, lloviznas en el Valle Central y ráfagas de viento significativas en diversas regiones del país."
044-2025,Cancellation,2025-12-05,12:00,RETORNO A CONDICIONES ATMOFÉRICAS MÁS ESTABLES.,,,,,"La influencia de una masa de aire seco sobre Costa Rica provocará una disminución en los niveles de humedad atmosférica, generando un ambiente más estable con menor nubosidad. Esto reducirá significativamente la probabilidad de lluvias, limitándolas a eventos muy dispersos y de débil intensidad."
001-2026,Green,2026-02-05,14:00,EFECTOS DEL EMPUJE FRIO N° 14,"['Caribe', 'Zona Norte', 'Pacífico Norte', 'Región Central']",,,,"El empuje frío N° 14 traerá un aumento en la intensidad de los vientos, lluvias variables y un descenso en las temperaturas a partir de este jueves. Se prevé oleaje alto en el Caribe y ráfagas fuertes en el Pacífico Norte y el Valle Central durante el fin de semana."
002-2026,Cancellation,2026-02-16,14:00,RETORNO A CONDICIONES TÍPICAS DE LA ÉPOCA.,,,,,"A drier air mass prevails over the country with low humidity, except for isolated rains in the South Pacific and South Caribbean. A cold surge will increase trade wind intensity between Tuesday and Thursday, with gusts up to 50 km/h in the Central Valley, Guanacaste, and mountainous areas."
